{"RightUpLeg": 0.11910632161248337, "RightLeg": 0.4094218149283238, "RightFoot": 0.3879792462971006, "LeftUpLeg": 0.11012646010520441, "LeftLeg": 0.4082923646290855, "LeftFoot": 0.37923131801239607, "Spine": 0.0851951285130621, "Spine1": 0.19109707751540667, "Spine2": 0.13516785314049157, "Neck1": 0.20453642912627223, "Neck": 0.07495323525368995, "Head": 0.07498572863874287, "RightShoulder": 0.14639869604388944, "RightArm": 0.19080256832027354, "RightForeArm": 0.29031381128753153, "RightHand": 0.29007041084534024, "LeftShoulder": 0.1459399399025104, "LeftArm": 0.189582632714022, "LeftForeArm": 0.2895600142360871, "LeftHand": 0.2899994319019911}