{"RightUpLeg": 0.1258392336258473, "RightLeg": 0.42989595742884895, "RightFoot": 0.39966036442948905, "LeftUpLeg": 0.12564142072456785, "LeftLeg": 0.4300575738801973, "LeftFoot": 0.400987157091652, "Spine": 0.06299765990475835, "Spine1": 0.13949490847525395, "Spine2": 0.09899253331504071, "Neck1": 0.14848989080757757, "Neck": 0.04499752833973936, "Head": 0.04499910546678432, "RightShoulder": 0.1058298995228302, "RightArm": 0.16740388040739437, "RightForeArm": 0.25979608225214784, "RightHand": 0.27974344010110996, "LeftShoulder": 0.10590509885310648, "LeftArm": 0.16744891446150886, "LeftForeArm": 0.2599213848791027, "LeftHand": 0.27986639646525224}