{"RightUpLeg": 0.09385659273593944, "RightLeg": 0.41869999999999996, "RightFoot": 0.41869999999999996, "LeftUpLeg": 0.09385659273593944, "LeftLeg": 0.41869999999999996, "LeftFoot": 0.41869999999999996, "Spine": 0.14307, "Spine1": 0.09718, "Spine2": 0.1012, "Neck1": 0.09718, "Neck": 0.10387, "Head": 0.0947, "RightShoulder": 0.07628605704845415, "RightArm": 0.128, "RightForeArm": 0.265, "RightHand": 0.26, "LeftShoulder": 0.07628605704845415, "LeftArm": 0.128, "LeftForeArm": 0.265, "LeftHand": 0.26}